Periodo,Tasa de Homicidios
Semestre Anterior,1.7882422099292312
Semestre Actual,1.365566778491413
Objetivo,1.609417988936308
